item,apresentacao,quantidade,validade
ACESSÓRIO TIPO JACARÉ,Unidade,0,
ÁCIDO FOSFÓRICO 37% (CONDICIONADOR DENTAL),Pacote com 3,1,08/2026
ÁCIDO FOSFÓRICO 37% (CONDICIONADOR DENTAL),Pacote com 3,13,10/2027
ÁCIDO FOSFÓRICO 37% (CONDICIONADOR DENTAL),Pacote com 3,2,06/2027
ÁCIDO FOSFÓRICO 37% (CONDICIONADOR DENTAL),Pacote com 3,0,02/2028
"ÁCIDO PERACÉTICO 0,2%",5 Litros,5,04/2029
ADESIVO DENTAL UNIVERSAL AUTOCONDICIONANTE (ÂMBAR),Unidade,3,01/2026
ADESIVO DENTAL AUTOCONDICIONAL UNIVERSAL (YBOND),Frasco com 5 ml,0,06/2027
ADESIVO DENTAL AUTOCONDICIONAL UNIVERSAL (YBOND),Frasco com 5 ml,4,11/2027
ADESIVO DENTAL AUTOCONDICIONAL UNIVERSAL (YBOND),Frasco com 5 ml,3,05/2030
AFASTADOR BRANEMARK,Unidade,2,
AFASTADOR DE MEAD,Unidade,4,
AFASTADOR FARABEUF ADULTO 13 X 125 MM,Unidade,12,
AFASTADOR FARABEUF INFANTIL 10 X 120 MM,Unidade,5,
AFASTADOR LATERAL EM U ADULTO AUTOCLAVÁVEL,Unidade,11,05/2019
AGULHA GENGIVAL CURTA,Caixa com 100,4,07/2027
AGULHA GENGIVAL CURTA,Caixa com 100,7,03/2030
AGULHA GENGIVAL LONGA,Caixa com 100,4,02/2027
AGULHA GENGIVAL LONGA,Caixa com 100,3,04/2027
"AGULHA PARA ACUPUNTURA 0,25x30 mm CAPILAR CILÍNDRICA FILIFORME",Caixa com 100,10,08/2028
ALAVANCA POTTS DIREITO,Unidade,6,
ALAVANCA POTTS ESQUERDO,Unidade,6,
ALAVANCA SELDIM DIREITA OU 1 R,Unidade,19,
ALAVANCA SELDIM ESQUERDA OU 1L,Unidade,36,
ÁLCOOL A 96°,Litro,68,
ALGODÃO,Rolo 500g,8,08/2024
ALVEOLÓTOMO RETO 16 CM,Unidade,1,
ARCO DE ISOLAMENTO (ÖSTBY),Unidade,10,05/2025
ARCO ODONTOLÓGICO FORMA DE U P/ ISOLAMENTO (YOUNG),Unidade,0,
"ATADURA DE CREPE 13 FIOS 10cmx1,8metros",Rolo,10,05/2030
AVENTAL DESCARTÁVEL (Gramatura 40),Pacote com 10,15,
AVENTAL DESCARTÁVEL (Gramatura 20),Pacote com 10,122,12/2028
BANDEJA DE INOX,Unidade,0,
BICARBONATO DE SÓDIO PÓ,Sachê com 40g,15,06/2027
BROCA ALTA ROTAÇÃO CARBIDE CÔNICA REF 151 ZECRYA 28 MM,Unidade,15,
BROCA ALTA ROTAÇÃO CARBIDE REF 8,Unidade,35,
BROCA ALTA ROTAÇÃO CÔNICA FG9642,Unidade,20,
BROCA BAIXA ROTAÇÃO N 01 (CA1) BAIXA ROTAÇÃO,Unidade,20,
BROCA BAIXA ROTAÇÃO N 02 (CA2) BAIXA ROTAÇÃO,Unidade,30,
BROCA BAIXA ROTAÇÃO N 03 (CA3) BAIXA ROTAÇÃO,Unidade,20,
BROCA BURS CARBIDE FG 330 ALTA ROTAÇÃO,Unidade,50,
BROCA BURS CARBIDE FG 702C ALTA ROTAÇÃO,Unidade,53,
BROCA BURS CARBIDE FG 703 XC ALTA ROTAÇÃO,Unidade,50,
BROCA CARBIDE ALTA ROTAÇÃO TRONCO CÔNICA N°703,Unidade,20,
BROCA CESPM44 BROCA CARBIDE FRESA DE CARBURO PM 8,Unidade,50,
BROCA DE AÇO 703,Unidade,2,
BROCA DE AÇO CARBONO DENTAL N 010 REF BR AÇO ESF CA 010 2 D 0023,Unidade,70,
BROCA DE AÇO CARBONO DENTAL N 08 REF BR AÇO ESF CA 008 1 D 0023,Unidade,60,
BROCA DE AÇO CARBONO DENTAL N 12 REF BR AÇO ESF CA 012 3 D 0023,Unidade,54,
BROCA DE ALTA ROTAÇÃO 3118 EF/FF,Unidade,10,
BROCA DE ALTA ROTAÇÃO CARBIDE N : FG 245 CONE INVERTIDO,Unidade,45,
BROCA DE ALTA ROTAÇÃO REF: 1012,Unidade,80,
BROCA DE ALTA ROTAÇÃO REF: 1014,Unidade,76,
BROCA DE ALTA ROTAÇÃO REF: 1015,Unidade,56,
BROCA DE ALTA ROTAÇÃO REF: 1019,Unidade,70,
BROCA DE ALTA ROTAÇÃO REF: 1032,Unidade,50,
BROCA DE ALTA ROTAÇÃO REF: 1033,Unidade,50,
BROCA DE ALTA ROTAÇÃO REF: 1034,Unidade,20,
BROCA DE ALTA ROTAÇÃO REF: 2135,Unidade,30,
BROCA DE ALTA ROTAÇÃO REF: 2135 EF/FF,Unidade,40,
BROCA DE ALTA ROTAÇÃO REF: 2135F,Unidade,50,
BROCA DE ALTA ROTAÇÃO REF: 2200,Unidade,30,
BROCA DE ALTA ROTAÇÃO REF: 2200F,Unidade,30,
BROCA DE ALTA ROTAÇÃO REF: 3118,Unidade,20,
BROCA DE ALTA ROTAÇÃO REF: 3118F,Unidade,20,
BROCA DE ALTA ROTAÇÃO REF: 3118FF,Unidade,50,
BROCA DE ALTA ROTAÇÃO REF: 3168,Unidade,40,
BROCA DE ALTA ROTAÇÃO REF: 3168F,Unidade,30,
BROCA DE ALTA ROTAÇÃO REF: 4138,Unidade,30,
BROCA DE ALTA ROTAÇÃO REF: 4138FF/FF,Unidade,30,
BROCA DE ALTA ROTAÇÃO REF:3168 EF/FF,Unidade,40,
BROCA DE ALTA ROTAÇÃO REF:4138F,Unidade,40,
BROCA PM N. 706 CARBONO TUNGSTÊNIO,Unidade,10,
CABO METAL MD 2.5 V LARINGOSCOPIA CONVENCIONAL MÉDIO TIPO C,Unidade,1,
CABO PARA BISTURI N. 03,Unidade,10,
CALÇA PARA CENTRO CIRÚRGICO VERDE CLARO (G),Unidade,20,
CALÇA PARA CENTRO CIRÚRGICO VERDE ESCURO (G),Unidade,3,
CALÇA PARA CENTRO CIRÚRGICO VERDE ESCURO (M),Unidade,12,
CAMISA PARA CENTRO CIRÚRGICO VERDE CLARO (G),Unidade,20,
CAMISA PARA CENTRO CIRÚRGICO VERDE ESCURO (G),Unidade,5,
CAMISA PARA CENTRO CIRÚRGICO VERDE ESCURO (M),Unidade,9,
CAMPO CIRÚRGICO VERDE ESCURO (M),Unidade,25,
CAMPO CIRÚRGICO VERDE ESCURO (P),Unidade,35,
CAPA DESCARTÁVEL PARA SERINGA TRÍPLICE,Caixa com 100,1,03/2030
CARBONO EM FILME PARA ARTICULAÇÃO 19µM,Rolo com 280 tiras,2,02/2027
CARBONO EM FILME PARA ARTICULAÇÃO 19µM,Rolo com 280 tiras,4,06/2028
CARBONO EM FILME PARA ARTICULAÇÃO 19µM,Rolo com 280 tiras,5,09/2028
CASSETES HISTOLÓGICOS,Pacote com 500,2,
CIMENTO DE IONÔMERO DE VIDRO FORRADOR RESINOSO (IONOFAST),"Seringa c/ 2,5g",0,04/2026
CIMENTO DE IONÔMERO DE VIDRO FOTOPOLIMERIZÁVEL A2 (RIVA),Caixa com 50 cápsulas,1,02/2027
CIMENTO IONÔMERO DE VIDRO,Unidade,0,06/2026
CIMENTO IONÔMERO DE VIDRO,Unidade,4,11/2027
CIMENTO ODONTOLÓGICO PERIODONTAL SEM EUGENOL (KIT),Caixa,4,06/2026
CINTA PROFILÁTICA,Pacote com 10,20,
CINZEL MICRO OCHSENBEIN Nº1,Unidade,4,
"CLORETO DE SÓDIO A 0,9% ESTÉRIL",Frasco com 250 ml,2,06/2027
"CLORETO DE SÓDIO A 0,9% ESTÉRIL",Frasco com 500 ml,31,07/2027
CLOREXIDINA (SOLUÇÃO DEGERMANTE COM TENSOATIVOS A 2%),Frasco com 1 litro,6,11/2025
CLOREXIDINA A 2% (ENXAGUANTE BUCAL),Frasco com 1 litro,28,07/2027
CLOREXIDINA A 2% (ENXAGUANTE BUCAL),Frasco com 1 litro,20,10/2027
COLETOR DE MATERIAL PERFURO CORTANTE 13 LITROS,Unidade,71,
COMPRESSA CIRÚRGICA (CAMPO OPERATÓRIO) 45x50CM,Pacote com 50,18,12/2030
"COMPRESSA CIRÚRGICA (CAMPO OPERATÓRIO) ESTÉRIL 25,2CM X 28CM",Pacote c/ 5,0,11/2027
"COMPRESSA CIRÚRGICA (CAMPO OPERATÓRIO) ESTÉRIL 25,2CM X 28CM",Pacote c/ 5,54,07/2027
"COMPRESSA GAZE ESTÉRIL 7,5X7,5 CM",Pacote com 500,76,06/2030
CONTRA-ÂNGULO PARA ODONTOLOGIA,Unidade,2,
CRIOBOX AZUL,Unidade,3,
CRIOBOX LARANJA,Unidade,3,
CRIOBOX TRANSPARENTE,Unidade,1,
CUBA DE ASSEPSIA ECONOX 9X5 cm 200ML,Unidade,0,
CUNHAS ANATÔMICAS SORTIDAS,Pacote com 100,51,
CUNHAS ELÁSTICAS C/ JOGOS DE PEÇAS SORTIDAS,Pacote com 75,3,
CURETA DE GRACEY N 1-2,Unidade,7,
CURETA DE GRACEY N 11-12,Unidade,8,
CURETA DE GRACEY N 7-8,Unidade,5,
CURETA DE MACCALL PERIODONTAL N 13-14,Unidade,3,
CURETA GRACEY N 5-6,Unidade,10,
CURETA MCCALL 13-14,Unidade,3,
CURETA PARA SEIO MAXILLAR N 01,Unidade,2,
CURETA PARA SEIO MAXILLAR N 02,Unidade,0,
CURETA PARA SEIO MAXILLAR N 03,Unidade,2,
CURETA PARA SEIO MAXILLAR N 04,Unidade,2,
CURETA PARA SEIO MAXILLAR N 05,Unidade,2,
CURETA PERIODONTAL DE AÇO 17-18,Unidade,3,
DESCOLADOR MOLT 2-4,Unidade,2,
"DESSENSIBILIZANTE DENTÁRIO COM NITRATO DE POTÁSSIO E FLUORETO DE SÓDIO 0,2%","Seringa de 2,5g",3,07/2027
DETERGENTE ENZIMÁTICO,Galão 5 litros,2,07/2027
DINAMÔMETRO,Unidade,1,
DISCO DE FELTRO FLEXÍVEL ROXO 8/12 MM,Caixa com 24 discos,6,11/2025
"DISCO DIAMANTADO PERIFÉRICO DUPLA FACE 22x0,15 MM",Unidade,10,04/2024
DISCO PARA ACABAMENTO E POLIMENTO,Caixa com 60,0,06/2027
ESCAVADOR DE DENTINA NR 11 ½,Unidade,5,
ESCAVADOR DE DENTINA NR 14,Unidade,5,
ESCOVA DE ROBSON CA – RETA,Unidade,218,
ESCOVA PARA LIMPEZA DE BROCA,Unidade,2,
ESCOVA DEGERMAÇÃO CLOREXIDINA 2%,Unidade,70,04/2029
ESCOVA DENTAL,Unidade,108,
ESFIGMOMANÔMETRO ADULTO,Unidade,5,
ESPÁTULA DE MADEIRA (ABAIXADOR DE LÍNGUA),Pacote com 100,54,
ESPÁTULA ODONTOLÓGICA MODELO THOMPSOM NÚMERO 1 DE AÇO E TITÂNIO,Unidade,5,
ESPÁTULA DUPLA N. 07,Unidade,22,
ESPÁTULA N 36,Unidade,23,
ESPÁTULA N.07,Unidade,3,
ESPÁTULA NR – 31,Unidade,5,
ESPÁTULA NR 24,Unidade,8,
ESPÁTULA NR 72,Unidade,5,
ESPÁTULA ODONTOLÓGICA AÇO N°04 DUPLO CABO C,Unidade,7,
ESPÉCULO VAGINAL AÇO GRANDE,Unidade,10,
ESPÉCULO VAGINAL AÇO MÉDIO,Unidade,10,
ESPÉCULO VAGINAL AÇO PEQUENO,Unidade,10,
ESPÉCULO VAGINAL DESCARTÁVEL GRANDE,Unidade,195,
ESPÉCULO VAGINAL DESCARTÁVEL MÉDIO,Unidade,392,
ESPÉCULO VAGINAL DESCARTÁVEL PEQUENO,Unidade,392,
ESPELHO ODONTOLÓGICO N°05,Unidade,16,
ESPONJA HEMOSTÁTICA DE COLÁGENO HIDROLISADO LIOFILIZADA,Caixa com 10,0,
ESTETÓSCOPIO RAPPAPORT,Unidade,6,
ESTIMULADOR NEUROMUSCULAR (TEENS),Unidade,3,
ESTOJO FLEXINOX EM AÇO 28X14X06 CM,Unidade,31,
FACE SHILDS,Unidade,0,
FIO DE SUTURA DE SEDA 3-0 MULTIFILAMENTO 17MM 45CM NÃO ABS.,Caixa com 24,9,10/2029
FIO DE SUTURA NYLON 4-0,Caixa com 24,1,06/2030
FIO DE SUTURA NYLON 5-0,Caixa com 24,9,08/2030
FIO DENTAL 100 METROS,Unidade,0,11/2024
FIO DENTAL 50 METROS,Unidade,20,04/2025
FIO RETRATOR GENGIVAL( EXTRA FINO 00),Frasco com 250 CM,1,04/2026
FIO RETRATOR GENGIVAL( EXTRA FINO 00),Frasco com 250 CM,5,02/2027
FIO RETRATOR GENGIVAL( EXTRA FINO 00),Frasco com 250 CM,3,06/2027
"FITA MATRIZ EM AÇO INOX 0,5 MM",Unidade com 500MM,85,
"FITA MATRIZ EM AÇO INOX 0,7 MM",Unidade com 500MM,85,
FLÚOR GEL NEUTRO TIXOTRÓPICO A 2%,Unidade,4,03/2028
FLÚOR GEL NEUTRO TIXOTRÓPICO A 2%,Unidade,1,10/2026
FORCEPS N. 01,Unidade,19,
FORCEPS N. 151,Unidade,19,
FORCEPS N. 16,Unidade,26,
FORCEPS N. 18 L,Unidade,21,
FORCEPS N. 18 R,Unidade,21,
FORCEPS N. 222,Unidade,25,
FORCEPS N. 65,Unidade,18,
FORCEPS N. 69,Unidade,40,
GEL CONDUTOR,Galão 5kg,4,07/2028
GRAMPO DE ISOLAMENTO N 0,Unidade,15,
GRAMPO DE ISOLAMENTO N 00,Unidade,15,
GRAMPO DE ISOLAMENTO N 200,Unidade,10,
GRAMPO DE ISOLAMENTO N 201,Unidade,16,
GRAMPO DE ISOLAMENTO N 202,Unidade,20,
GRAMPO DE ISOLAMENTO N 204,Unidade,20,
GRAMPO DE ISOLAMENTO N 205,Unidade,16,
GRAMPO DE ISOLAMENTO N 206,Unidade,10,
GRAMPO DE ISOLAMENTO N 208,Unidade,30,
GRAMPO DE ISOLAMENTO N 209,Unidade,20,
GRAMPO DE ISOLAMENTO N 210,Unidade,11,
GRAMPO DE ISOLAMENTO N 211,Unidade,10,
GRAMPO DE ISOLAMENTO N 212,Unidade,11,
GRAMPO DE ISOLAMENTO N 26,Unidade,20,
HEMOSTÁTICO,10 ml,1,05/2028
HOLTER RECORDER,Unidade,1,
INDICADOR BIOLÓGICO AUTOCLAVE /A VAPOR/ 3 HORAS,Unidade,26,02/2026
INDICADOR BIOLÓGICO AUTOCONTIDO SATURADO 121º-135º/USO ÚNICO PARA MINI INCUBADORA IS8,Unidade,50,05/2026
INDICADOR QUÍMICO TIPO 2 (BOWIE & DICK 4 KG),Unidade,0,06/2026
INTEGRADOR QUÍMICO TIPO 5,Caixa com 250,0,05/2027
INTEGRADOR QUÍMICO TIPO 5,Caixa com 250,8,12/2027
JALECO CENTRO CIRÚRGICO (G),Unidade,10,
JALECO CENTRO CIRÚRGICO (M),Unidade,15,
JALECO CENTRO CIRÚRGICO (P),Unidade,21,
KIT DE CAMPO CIRÚRGICO,Unidade,0,10/2027
KIT DE DISCO DE LIXA ABRASIVOS COLORIDOS,Caixa com 100,4,
KIT DE TIRAS ABRASIVAS DE POLIÉSTER COM GRANULAÇÕES DIFERENTES (EPITEX),Unidade,1,01/2034
KIT PARA POLIMENTO DE RESINA (TAÇAS E CONES),Unidade,65,
KIT (ESCOVA E CREME DENTAL),Unidade,99,
LÂMINA AÇO INOX MD DE LARINGOSCÓPIA CONVENCIONAL MACINTOSH 0,Unidade,1,
LÂMINA AÇO INOX MD DE LARINGOSCÓPIA CONVENCIONAL MACINTOSH 1,Unidade,1,
LÂMINA AÇO INOX MD DE LARINGOSCÓPIA CONVENCIONAL MACINTOSH 2,Unidade,1,
LÂMINA AÇO INOX MD DE LARINGOSCÓPIA CONVENCIONAL MACINTOSH 3,Unidade,1,
LÂMINA AÇO INOX MD DE LARINGOSCÓPIA CONVENCIONAL MACINTOSH 4,Unidade,1,
LÂMINA AÇO INOX MD DE LARINGOSCÓPIA CONVENCIONAL MACINTOSH 5,Unidade,1,
LÂMINA DE BISTURI N 12,Caixa com 100,6,11/2026
LARINGOSCÓPIO,Unidade,2,
"LENÇOL DE BORRACHA CAIXA 13,5x13,5cm (Médio)",Caixa com 26,132,08/2024
LENÇOL DESCARTÁVEL 40MX50CM,Rolo,0,
LIDOCAÍNA 2% COM EPINEFRINA,Caixa com 50 tubetes,0,02/2027
LIMA DE USO ODONTOLÓGICO DE AÇO TIPO KERR Nº20,Caixa com 6,2,06/2027
LIMA DE USO ODONTOLÓGICO DE AÇO TIPO KERR Nº25,Caixa com 6,2,11/2027
LOCALIZADOR APICAL PARA ENDODONTIA (MICRO MEGA),Unidade,1,
LUBRIFICANTE PARA INSTRUMENTOS ODONTOLÓGICOS,Unidade,6,09/2030
LUBRIFICANTE PARA INSTRUMENTOS ODONTOLÓGICOS,Unidade,6,12/2030
LUVA DE PROCEDIMENTO M DE VINIL,Caixa com 100,79,06/2028
LUVA DE PROCEDIMENTO NITRÍLICA P,Caixa com 100,0,
LUVA DE PROCEDIMENTO P,Caixa com 100,0,07/2028
LUVA DE PROCEDIMENTO P DE VINIL,Caixa com 100,0,05/2029
LUVA DE PROCEDIMENTO PP,Caixa com 100,57,06/2028
LUVA DE PROCEDIMENTO PP,Caixa com 100,90,08/2028
LUVA DE PROCEDIMENTO M,Caixa com 100,34,11/2030
LUVA DE PROCEDIMENTO G,Caixa com 100,9,06/2030
"LUVA ESTÉRIL 7,0",Pares,58,07/2030
"LUVA ESTÉRIL 7,5",Pares,50,09/2029
"LUVA ESTÉRIL 7,5",Pares,0,08/2030
"LUVA ESTÉRIL 7,5",Pares,0,12/2030
"LUVA ESTÉRIL 8,0",Pares,150,10/2025
"LUVA ESTÉRIL 8,0",Pares,40,09/2029
"LUVA ESTÉRIL 8,0",Pares,40,07/2030
LUVA PLÁSTICA TAMANHO ÚNICO AMBIDESTRA (DESCARTÁVEL),Pacote com 100,148,
MARTELO DEJERINE P/ REFLEXOS 20 CM,Unidade,3,
MÁSCARA PPF2,Unidade,752,07/2024
MÁSCARA TRIPLA DESCARTÁVEL,Caixa com 50,107,03/2026
MATRIZ ODONTOLÓGICA DE AÇO TIPO PRÉ CONTORNADA CLASSE II FORMATO SECCIONADA,Caixa com 50,2,
MATRIZ EM AÇO PREMOLAR,Caixa com 20,1,04/2026
MATRIZ EM AÇO PREMOLAR,Caixa com 20,1,06/2026
MATRIZ EM AÇO PREMOLAR,Caixa com 20,4,04/2026
MEDIDOR DE GLICEMIA,Unidade,7,
MEDIDOR DE PRESSÃO E GORDURA CORPORAL,Unidade,1,
MEPIVACAÍNA 2% com epinefrina,Caixa c/ 50 tubetes,0,02/2027
MICROAPLICADOR DESCARTÁVEL EXTRA FINO (LARANJA),Caixa com 100,27,06/2024
MICROAPLICADOR DESCARTÁVEL FINO (AZUL),Caixa com 100,30,06/2024
MICROAPLICADOR DESCARTÁVEL FINO (AZUL),Caixa com 100,28,12/2026
MICROAPLICADOR DESCARTÁVEL REGULAR (VERDE),Caixa com 100,39,11/2024
MICROPIPETA 1 a 10ml,Unidade,1,
MICROSCOPE SLIDES,Caixa com 50,1,
MOTOR CIRÚRGICO ODONTOLÓGICO TK40,Unidade,0,
OBTURADOR PROVISÓRIO SEM FLÚOR,Pote com 25g,12,02/2028
ÓCULOS DE PROTEÇÃO,Unidade,21,
PAPEL GRAU 10cmx100m,Unidade,0,
PAPEL GRAU 10cmx100m,Unidade,0,
PAPEL GRAU 10cmx100m,Unidade,13,
PAPEL GRAU 10cmx100m,Unidade,16,
PAPEL GRAU 20cmx100m,Unidade,0,
PAPEL GRAU 20cmx100m,Unidade,4,
PAPEL GRAU 20cmx100m,Unidade,1,
PAPEL GRAU 20cmx100m,Unidade,16,
PAPEL GRAU 20cmx100m,Unidade,8,
PAPEL GRAU 30cmx100m,Unidade,3,
PAPEL GRAU 40cmx100m,Unidade,4,
PAPEL GRAU 40cmx100m,Unidade,0,
PAPEL GRAU 40cmx100m,Unidade,2,
PAPEL GRAU 40cmx100m,Unidade,12,
PAPEL FILME PVC,Rolo 300 m,14,
PAR DE OLIVAS DE PVC,Pacote com 2,5,
PASTA PROFILÁTICA C/ FLÚOR 90 G,Unidade,12,02/2028
PASTA ABRASIVA,Bisnaga 2g,18,04/2027
PASTA DENTAL,Bisnaga 90g,108,
PEÇA DE MÃO RETA DE ALTA ROTAÇÃO,Unidade,2,
PEDRA DE AFIAR GOIVA PRO,Unidade,3,
PEDRA POMES BRANCA,Pote c/ 100g,10,08/2026
PÊRA COM VÁLVULA,Unidade,3,
PÊRA SEM VÁLVULA,Unidade,6,
PERFURADOR DE AINSWORTH DE AÇO DIQUE DE BORRACHA PARA ISOLAMENTO DENTAL,Unidade,0,
PINÇA ADSON SEM DENTE 12 CM,Unidade,3,
PINÇA CLÍNICA PARA ALGODÃO ADULTO N: 317,Unidade,10,
PINÇA KELLY CURVA 14CM,Unidade,1,
PINÇA ODONTOLÓGICA AÇO 17CM,Unidade,15,
PINÇA PARA DISSECÇÃO COM SERRILHA 20 CM RETA,Unidade,5,
"PLACA ACETATO CRISTAL 2,0 MM QUADRADA",Pacote com 5,6,
PLACA DE VIDRO 10 MM,Unidade,8,
PONTA DIAMANTADA CHAMA BRANCA ALTA ROTAÇÃO N°4702,Unidade,17,
PONTA TRONCO CÔNICA ALTA ROTAÇÃO N°122,Unidade,15,
PONTEIRA OU PONTA DE ULTRASSOM,Unidade,10,
PORTA AGULHA MAYO HEGAR COM SERRILHA 14CM,Unidade,3,
PORTA AMÁLGAMA METAL,Unidade,5,
PORTA MATRIZ ODONTOLÓGICO,Unidade,5,
POSICIONADOR CONE ADULTO,Unidade,3,
POTE DE SILICONE,Unidade,0,
PROPÉ DESCARTÁVEL,Pacote com 100,4,12/2025
PROTETOR ARTICULAR TIPO PLUG,Unidade,390,
RESINA COMPOSTA FLUIDA FOTOP. APPLIC FLOW MAQUIRA A2,Seringa com 2g e 5 pont.,0,07/2026
RESINA COMPOSTA FLUIDA FOTOP.OPUS BULK FILL FLOW A2,Seringa com 2g e 10 pont.,3,07/2027
RESINA COMPOSTA FLUIDA FOTOP.OPUS BULK FILL FLOW A2,Seringa com 2g e 10 pont.,5,10/2027
RESINA COMPOSTA FLUIDA FOTOP.OPUS BULK FILL FLOW A3,Seringa com 2g e 10 pont.,0,03/2027
RESINA COMPOSTA FOTOPOLIMERIZÁVEL (para dentes anteriores e posteriores) EA1 OPALLIS,Seringa com 4g,0,03/2026
RESINA PARA REEMBASAMENTO À BASE DE RESINA ACRÍLICA (SOFTCONFORT),Kit Resina + Glaze,0,08/2026
RESINA TIXOTRÓPICA (Barreira Gengival),Seringa com 2g,0,04/2026
RESSUSCITADOR MANUAL EM SILICONE,Unidade,1,
RESTAURADOR UNIVERSAL Z350XT 3M A2B CORPO,Seringa com 4g,0,06/2026
RESTAURADOR UNIVERSAL Z350XT 3M A2B CORPO,Seringa com 4g,5,01/2027
RESTAURADOR UNIVERSAL Z350XT 3M A2D DENTINA,Seringa com 4g,0,06/2026
RESTAURADOR UNIVERSAL Z350XT 3M A2E ESMALTE,Seringa com 4g,0,05/2026
"RESTAURADOR UNIVERSAL Z350XT 3M A3,5B CORPO",Seringa com 4g,0,07/2026
"RESTAURADOR UNIVERSAL Z350XT 3M A3,5B CORPO",Seringa com 4g,4,05/2029
RESTAURADOR UNIVERSAL Z350XT 3M A3B CORPO,Seringa com 4g,6,05/2029
RESTAURADOR UNIVERSAL Z350XT 3M A3D DENTINA,Seringa com 4g,2,01/2029
RESTAURADOR UNIVERSAL Z350XT 3M B3B CORPO,Seringa com 4g,10,01/2028
RESTAURADOR UNIVERSAL Z350XT 3M C2B CORPO,Seringa com 4g,0,02/2026
ROLETE DE ALGODÃO,Pacote com 100,43,
SACO DE LIXO HOSPITALAR INFECTANTE DE 100 LITROS BRANCO,Pacote com 100,606,
SACO DE LIXO HOSPITALAR INFECTANTE DE 30 LITROS BRANCO,Pacote com 100,57,
SACO DE LIXO HOSPITALAR INFECTANTE DE 50 LITROS BRANCO,Pacote com 100,9,
SACO DESCARTÁVEL PARA ALIMENTOS 23X4CM,Pacote com 1000,8,
SCALP PARA COLETA DE SANGUE A VÁCUO 21g,Unidade,68,09/2025
"SERINGA CARPULE COM REFLUXO CAPACIDADE 1,8 ML",Unidade,5,
SERINGA COM AGULHA 20 ML,Unidade,3155,08/2025
SERINGA COM AGULHA 60 ML,Unidade,85,08/2025
SERINGA COM AGULHA DE 3ML,Unidade,275,02/2028
SERINGA TRÍPLICE,Unidade,2,
"SISTEMA DE ACABAMENTO E POLIMENTO SÉRIE LARANJA (grosso, médio, fino e super fino)",Caixa com 120,3,
SLIDE,Caixa com 50,1,
SONDA MILIMETRADA WILLIANS,Unidade,2,
SUGADOR ODONTOLÓGICO DESCARTÁVEL,Pacote com 40,25,10/2025
SUGADOR ODONTOLÓGICO DESCARTÁVEL,Pacote com 40,30,
SUPORTE PARA RESINAS,Unidade,1,
TAÇA PARA PROFILAXIA,Unidade,89,
TERMÔMETRO INFRAVERMELHO,Unidade,1,
TESOURA INSTRUMENTAL PONTA CURVA 12CM DE AÇO,Unidade,3,
TESOURA INSTRUMENTAL PONTA CURVA E FINA HASTE RETA DE AÇO,Unidade,10,
TESTE DE VITALIDADE EM SPRAY,Frasco com 200ml,1,08/2027
TESTE DE VITALIDADE EM SPRAY,Frasco com 200ml,5,10/2027
TIRAS ABRASIVAS 4MMx140MM,Pacote com 12,46,
"TIRAS ABRASIVAS DE AÇO 4,0X140 MM",Caixa com 12,2,
TIRAS ABRASIVAS DE AÇO 6 MM,Caixa com 12,10,
TIRAS ABRASIVAS DE AÇO 6 MM,Caixa com 12,10,
"TIRAS DE LIXA DE POLIÉSTER 4,0X170 MM",Caixa com 150,4,
"TIRAS DE LIXA DE POLIÉSTER 4,0X170 MM",Caixa com 50,14,
"TIRAS DE LIXA DE POLIÉSTER 4,0X170 MM",Caixa com 150,10,
"TIRAS DE LIXA DE POLIÉSTER 4,0X170 MM",Caixa com 50,14,
TIRAS DE POLIÉSTER PARA ACABAMENTO E POLIMENTO,Caixa com 50,30,
TIRAS DE POLIÉSTER PARA ACABAMENTO E POLIMENTO,Caixa com 50,32,
"TIRAS DE POLIÉSTER PARA ACABAMENTO E POLIMENTO 10x120x0,05MM",Caixa com 50,17,
"TIRAS DE POLIÉSTER PARA ACABAMENTO E POLIMENTO 10x120x0,05MM",Caixa com 50,17,
TOUCA DESCARTÁVEL,Pacote com 100,104,05/2029
TOUCA DESCARTÁVEL,Pacote com10,0,12/2025
TOUCA DESCARTÁVEL,pacote com 100,3,04/2027
TRICROSOL FORMALINA,Frasco com 10ml,1,06/2027
VÁLVULA P/ APARELHO DE PRESSÃO ANEROIDE PREMIUM,Unidade,4,
VÁLVULA P/ APARELHO DE PRESSÃO ANEROIDE PREMIUM,Unidade,4,
VERNIZ CAVITÁRIO,Frasco com 10ml,1,02/2026
VERNIZ CAVITÁRIO,Frasco com 10ml,6,03/2027
